state,avg_readmission_rate
AK,14.3352941176471
AL,14.4807228915663
AR,14.7301369863014
AZ,14.3907894736842
CA,14.7424920127796
CO,14.2324675324675
CT,15.0115384615385
DC,14.9571428571429
DE,14.1571428571429
FL,15.0853107344633
GA,14.6571428571429
GU,16.5
HI,13.8692307692308
IA,14.2663636363636
ID,13.9769230769231
IL,14.8928571428571
IN,14.3552631578947
KS,14.4154471544715
KY,14.6932584269663
LA,14.6443298969072
MA,15.4120689655172
MD,14.2022727272727
ME,14.1909090909091
MI,14.5504201680672
MN,14.3570093457944
MO,14.5942307692308
MP,14.4
MS,14.720987654321
MT,14.3
NC,14.3518867924528
ND,14.4205128205128
NE,14.3296296296296
NH,14.5538461538462
NJ,15.221875
NM,14.3325
NV,14.90625
NY,14.9307189542484
OH,14.5918918918919
OK,14.41
OR,13.9821428571429
PA,14.7058823529412
PR,15.2844444444444
RI,15.0454545454545
SC,14.4763636363636
SD,14.36
TN,14.670652173913
TX,14.5096273291925
UT,13.8977777777778
VA,14.4329113924051
VI,14.75
VT,14.52
WA,13.9075
WI,14.2694214876033
WV,14.8386363636364
WY,14.1571428571429
