county,state,avg_readmission_rate
KENAI PENINSULA,AK,15.55
PETERSBURG BOROUGH,AK,15.4
NOME,AK,14.9
NORTH SLOPE BOROUH,AK,14.8
WRANGELL CITY AND BOROUGH,AK,14.8
KODIAK ISLAND BOROUGH,AK,14.7
DILLINGHAM,AK,14.5
SITKA BOROUGH,AK,14.4
JUNEAU,AK,14.1
KETCHIKAN GATEWAY,AK,13.9
BETHEL,AK,13.7
ANCHORAGE,AK,13.6
MATANUSKA-SUSITNA,AK,13.4
FAIRBANKS NORTH STAR,AK,13.2
ST. CLAIR,AL,15.3
CHEROKEE,AL,15.2
TALLADEGA,AL,15.15
DALE,AL,15.1
ETOWAH,AL,15.0
RANDOLPH,AL,15.0
JEFFERSON,AL,14.9777777777778
COVINGTON,AL,14.95
AUTAUGA,AL,14.9
BALDWIN,AL,14.9
MONROE,AL,14.9
WALKER,AL,14.9
FRANKLIN,AL,14.85
CRENSHAW,AL,14.8
DE KALB,AL,14.7
PIKE,AL,14.7
CLARKE,AL,14.6666666666667
CONECUH,AL,14.6
DALLAS,AL,14.6
CHAMBERS,AL,14.5
COLBERT,AL,14.5
GENEVA,AL,14.5
MARENGO,AL,14.5
MONTGOMERY,AL,14.5
SHELBY,AL,14.5
BIBB,AL,14.4
CHILTON,AL,14.4
LEE,AL,14.4
WASHINGTON,AL,14.4
MADISON,AL,14.35
MOBILE,AL,14.325
COFFEE,AL,14.3
MARION,AL,14.3
ELMORE,AL,14.25
ESCAMBIA,AL,14.25
BLOUNT,AL,14.2
CALHOUN,AL,14.2
HALE,AL,14.2
CULLMAN,AL,14.1
FAYETTE,AL,14.1
HOUSTON,AL,14.1
JACKSON,AL,14.1
LIMESTONE,AL,14.1
MORGAN,AL,14.1
BUTLER,AL,14.0
TUSCALOOSA,AL,14.0
BARBOUR,AL,13.9
LAWRENCE,AL,13.8
RUSSELL,AL,13.7
TALLAPOOSA,AL,13.7
CLAY,AL,13.6
WINSTON,AL,13.6
LAUDERDALE,AL,13.4
MARSHALL,AL,12.8
WHITE,AR,17.0
DREW,AR,16.0
CRAIGHEAD,AR,15.85
BAXTER,AR,15.75
CHICOT,AR,15.7
CLAY,AR,15.7
SALINE,AR,15.65
CROSS,AR,15.6
LITTLE RIVER,AR,15.5
RANDOLPH,AR,15.4
PHILLIPS,AR,15.2
MISSISSIPPI,AR,15.1
POLK,AR,15.1
PULASKI,AR,15.025
DESHA,AR,14.95
COLUMBIA,AR,14.9
GREENE,AR,14.9
ST. FRANCIS,AR,14.9
GARLAND,AR,14.9
FAULKNER,AR,14.85
ARKANSAS,AR,14.85
JEFFERSON,AR,14.8
ASHLEY,AR,14.7
CLEBURNE,AR,14.7
POPE,AR,14.7
SCOTT,AR,14.7
UNION,AR,14.7
VAN BUREN,AR,14.7
CARROLL,AR,14.6
DALLAS,AR,14.6
JACKSON,AR,14.6
HOT SPRING,AR,14.5
LAWRENCE,AR,14.5
LOGAN,AR,14.5
CRITTENDEN,AR,14.4
FULTON,AR,14.4
JOHNSON,AR,14.4
BRADLEY,AR,14.3
HEMPSTEAD,AR,14.2
STONE,AR,14.2
YELL,AR,14.2
CONWAY,AR,14.0
FRANKLIN,AR,14.0
SEBASTIAN,AR,13.95
CLARK,AR,13.9
BENTON,AR,13.8
INDEPENDENCE,AR,13.8
HOWARD,AR,13.7
WASHINGTON,AR,13.525
OUACHITA,AR,13.5
BOONE,AR,13.4
YUMA,AZ,15.6
APACHE,AZ,15.35
COCHISE,AZ,14.875
LAPAZ,AZ,14.8
PIMA,AZ,14.4777777777778
NAVAJO,AZ,14.475
MARICOPA,AZ,14.3621621621622
PINAL,AZ,14.1333333333333
GRAHAM,AZ,14.1
COCONINO,AZ,14.0666666666667
GILA,AZ,14.05
YAVAPAI,AZ,14.0
MOHAVE,AZ,13.5
BUTTE,CA,16.9666666666667
KINGS,CA,15.4
SANTA CLARA,CA,15.4
SUTTER,CA,15.4
YUBA,CA,15.3
VENTURA,CA,15.1833333333333
LOS ANGELES,CA,15.1378378378378
FRESNO,CA,15.1142857142857
SAN FRANCISCO,CA,14.9818181818182
ORANGE,CA,14.9681818181818
SAN BERNARDINO,CA,14.9470588235294
PLUMAS,CA,14.9
IMPERIAL,CA,14.9
GLENN,CA,14.8
LASSEN,CA,14.8
RIVERSIDE,CA,14.8
TRINITY,CA,14.8
ALAMEDA,CA,14.7909090909091
MERCED,CA,14.75
KERN,CA,14.7222222222222
INYO,CA,14.6
TUOLUMNE,CA,14.6
SAN LUIS OBISPO,CA,14.5333333333333
SANTA CRUZ,CA,14.5333333333333
STANISLAUS,CA,14.52
SISKIYOU,CA,14.5
CONTRA COSTA,CA,14.4428571428571
SACRAMENTO,CA,14.4111111111111
MONO,CA,14.4
SANTA BARBARA,CA,14.36
MODOC,CA,14.3
TEHAMA,CA,14.3
SOLANO,CA,14.275
LAKE,CA,14.25
SAN JOAQUIN,CA,14.2428571428571
SHASTA,CA,14.225
SAN DIEGO,CA,14.21875
AMADOR,CA,14.2
MONTEREY,CA,14.175
TULARE,CA,14.1666666666667
NEVADA,CA,14.15
SAN MATEO,CA,14.1333333333333
EL DORADO,CA,14.1
COLUSA,CA,14.1
MARIPOSA,CA,14.1
DEL NORTE,CA,14.0
PLACER,CA,13.9666666666667
NAPA,CA,13.95
YOLO,CA,13.95
MARIN,CA,13.9
MENDOCINO,CA,13.9
SONOMA,CA,13.8166666666667
CALAVERAS,CA,13.8
HUMBOLDT,CA,13.5
RIO GRANDE,CO,16.5
LINCOLN,CO,15.7
TELLER,CO,15.1
GUNNISON,CO,14.9
LAKE,CO,14.8
DELTA,CO,14.7
HUERFANO,CO,14.7
LOGAN,CO,14.7
MOFFAT,CO,14.7
PITKIN,CO,14.7
ADAMS,CO,14.675
DENVER,CO,14.64
EAGLE,CO,14.6
PHILLIPS,CO,14.55
RIO BLANCO,CO,14.4
ROUTT,CO,14.4
SUMMIT,CO,14.4
DOUGLAS,CO,14.375
ALAMOSA,CO,14.3
BROOMFIELD,CO,14.3
MORGAN,CO,14.3
YUMA,CO,14.25
CONEJOS,CO,14.2
KIT CARSON,CO,14.2
SEDGWICK,CO,14.2
ARAPAHOE,CO,14.1333333333333
BOULDER,CO,14.12
GARFIELD,CO,14.1
BACA,CO,14.1
GRAND,CO,14.1
MONTEZUMA,CO,14.1
FREMONT,CO,14.0
MONTROSE,CO,14.0
LARIMER,CO,13.88
MESA,CO,13.825
CHAFFEE,CO,13.8
PUEBLO,CO,13.8
JEFFERSON,CO,13.75
LAS ANIMAS,CO,13.7
EL PASO,CO,13.6
WELD,CO,13.6
LA PLATA,CO,13.25
MIDDLESEX,CT,15.9
NEW HAVEN,CT,15.5333333333333
FAIRFIELD,CT,15.0166666666667
LITCHFIELD,CT,15.0
HARTFORD,CT,14.7166666666667
WINDHAM,CT,14.7
NEW LONDON,CT,14.5
TOLLAND,CT,14.4
THE DISTRICT,DC,14.9571428571429
KENT,DE,14.8
NEW CASTLE,DE,14.2333333333333
SUSSEX,DE,13.8666666666667
ST. LUCIE,FL,17.15
ORANGE,FL,16.12
JACKSON,FL,16.1
ALACHUA,FL,16.1
PALM BEACH,FL,15.8307692307692
OSCEOLA,FL,15.8
PINELLAS,FL,15.5727272727273
CHARLOTTE,FL,15.5333333333333
HERNANDO,FL,15.5
MARION,FL,15.5
ST. JOHNS,FL,15.5
HILLSBOROUGH,FL,15.4777777777778
BAY,FL,15.4
MIAMI-DADE,FL,15.3611111111111
CITRUS,FL,15.35
BROWARD,FL,15.3142857142857
COLLIER,FL,15.3
COLUMBIA,FL,15.3
WALTON,FL,15.3
LEON,FL,15.2
WASHINGTON,FL,15.2
ESCAMBIA,FL,15.1333333333333
OKALOOSA,FL,15.1
POLK,FL,15.06
SEMINOLE,FL,15.05
OKEECHOBEE,FL,15.0
HIGHLANDS,FL,14.95
HENDRY,FL,14.8
MARTIN,FL,14.8
PUTNAM,FL,14.8
LAKE,FL,14.75
SARASOTA,FL,14.7
DUVAL,FL,14.6857142857143
MADISON,FL,14.6
CALHOUN,FL,14.5
DE SOTO,FL,14.5
HOLMES,FL,14.5
PASCO,FL,14.45
CLAY,FL,14.45
SANTA ROSA,FL,14.3666666666667
MONROE,FL,14.35
MANATEE,FL,14.2333333333333
VOLUSIA,FL,14.2166666666667
GULF,FL,14.2
NASSAU,FL,14.1
TAYLOR,FL,14.1
BAKER,FL,13.9
BREVARD,FL,13.8
INDIAN RIVER,FL,13.75
LEE,FL,13.75
FLAGLER,FL,13.5
CRISP,GA,16.1
DE KALB,GA,15.875
COFFEE,GA,15.8
TIFT,GA,15.8
GREENE,GA,15.7
BARROW,GA,15.4
PAULDING,GA,15.4
PICKENS,GA,15.4
DOUGHERTY,GA,15.3
FAYETTE,GA,15.3
RICHMOND,GA,15.275
BULLOCH,GA,15.2
LIBERTY,GA,15.2
LOWNDES,GA,15.2
NEWTON,GA,15.2
BACON,GA,15.1
SUMTER,GA,15.1
WORTH,GA,15.1
BALDWIN,GA,15.0
BARTOW,GA,15.0
BEN HILL,GA,15.0
CARROLL,GA,15.0
HENRY,GA,15.0
HOUSTON,GA,15.0
PUTNAM,GA,15.0
TOWNS,GA,15.0
WAYNE,GA,15.0
COOK,GA,14.9
SCREVEN,GA,14.9
TROUP,GA,14.9
UPSON,GA,14.9
WHITFIELD,GA,14.9
CLINCH,GA,14.8
COWETA,GA,14.8
HARALSON,GA,14.8
JEFF DAVIS,GA,14.8
MORGAN,GA,14.8
FULTON,GA,14.8
CLAYTON,GA,14.7
DECATUR,GA,14.7
EVANS,GA,14.7
MC DUFFIE,GA,14.7
SEMINOLE,GA,14.7
CANDLER,GA,14.6
CHEROKEE,GA,14.6
JEFFERSON,GA,14.6
PEACH,GA,14.6
TOOMBS,GA,14.6
WILKES,GA,14.6
COBB,GA,14.55
FLOYD,GA,14.55
APPLING,GA,14.5
MONROE,GA,14.5
GWINNETT,GA,14.475
CLARKE,GA,14.45
BIBB,GA,14.4333333333333
BURKE,GA,14.4
CATOOSA,GA,14.4
COLQUITT,GA,14.4
HABERSHAM,GA,14.4
MILLER,GA,14.4
RABUN,GA,14.4
SPALDING,GA,14.4
CHATHAM,GA,14.3666666666667
BLECKLEY,GA,14.3
FANNIN,GA,14.3
TATTNALL,GA,14.3
DOUGLAS,GA,14.2
FRANKLIN,GA,14.2
GLYNN,GA,14.2
HALL,GA,14.2
PULASKI,GA,14.2
UNION,GA,14.2
EFFINGHAM,GA,14.1
LUMPKIN,GA,14.1
WASHINGTON,GA,14.1
CAMDEN,GA,14.0
FORSYTH,GA,14.0
GRADY,GA,14.0
STEPHENS,GA,14.0
THOMAS,GA,14.0
WALTON,GA,14.0
MUSCOGEE,GA,13.9333333333333
ELBERT,GA,13.9
LAURENS,GA,13.9
DODGE,GA,13.8
EMANUEL,GA,13.8
ROCKDALE,GA,13.8
WARE,GA,13.6
MURRAY,GA,13.4
GORDON,GA,13.2
GUAM,GU,16.5
KAUAI,HI,14.6
MAUI,HI,14.4
HAWAII,HI,13.9666666666667
HONOLULU,HI,13.5428571428571
HUMBOLDT,IA,16.1
KOSSUTH,IA,15.8
DICKINSON,IA,15.6
CHEROKEE,IA,15.3
APPANOOSE,IA,15.1
SIOUX,IA,15.1
ALLAMAKEE,IA,15.0
HOWARD,IA,15.0
JONES,IA,15.0
MAHASKA,IA,15.0
CALHOUN,IA,14.9
CRAWFORD,IA,14.9
JEFFERSON,IA,14.9
MONTGOMERY,IA,14.9
SHELBY,IA,14.9
PAGE,IA,14.85
POTTAWATTAMIE,IA,14.85
MONROE,IA,14.8
OSCEOLA,IA,14.8
AUDUBON,IA,14.7
HENRY,IA,14.7
PALO ALTO,IA,14.7
WAYNE,IA,14.7
LUCAS,IA,14.6
PLYMOUTH,IA,14.6
UNION,IA,14.6
CERRO GORDO,IA,14.5
CHICKASAW,IA,14.5
DAVIS,IA,14.5
IOWA,IA,14.5
MITCHELL,IA,14.5
MUSCATINE,IA,14.5
WRIGHT,IA,14.5
EMMET,IA,14.4
FRANKLIN,IA,14.4
IDA,IA,14.4
JACKSON,IA,14.4
LYON,IA,14.4
MARSHALL,IA,14.4
OBRIEN,IA,14.4
SCOTT,IA,14.35
ADAIR,IA,14.3
BOONE,IA,14.3
MADISON,IA,14.3
FAYETTE,IA,14.25
LINN,IA,14.25
JOHNSON,IA,14.2
BUENA VISTA,IA,14.2
CLARKE,IA,14.2
HANCOCK,IA,14.2
RINGGOLD,IA,14.2
BENTON,IA,14.1
BREMER,IA,14.1
BUCHANAN,IA,14.1
DALLAS,IA,14.1
DECATUR,IA,14.1
GREENE,IA,14.1
GRUNDY,IA,14.1
HARDIN,IA,14.1
MONONA,IA,14.1
SAC,IA,14.1
CLAYTON,IA,14.05
MARION,IA,14.05
CARROLL,IA,14.0
CLINTON,IA,14.0
GUTHRIE,IA,14.0
FLOYD,IA,13.9
HARRISON,IA,13.9
VAN BUREN,IA,13.9
WASHINGTON,IA,13.9
CASS,IA,13.8
DELAWARE,IA,13.8
DUBUQUE,IA,13.75
ADAMS,IA,13.7
POWESHIEK,IA,13.6
BLACK HAWK,IA,13.5333333333333
WAPELLO,IA,13.5
WINNESHIEK,IA,13.5
POLK,IA,13.475
CLAY,IA,13.4
WOODBURY,IA,13.35
STORY,IA,13.3
WEBSTER,IA,13.3
HAMILTON,IA,13.2
JASPER,IA,13.2
DES MOINES,IA,12.9
FRANKLIN,ID,15.0
ONEIDA,ID,15.0
TETON,ID,14.9
ELMORE,ID,14.7
IDAHO,ID,14.65
BLAINE,ID,14.5
BONNER,ID,14.5
GOODING,ID,14.5
VALLEY,ID,14.5
WASHINGTON,ID,14.5
CLEARWATER,ID,14.4
JEROME,ID,14.4
MADISON,ID,14.4
MINIDOKA,ID,14.3
BEAR LAKE,ID,14.2
CARIBOU,ID,14.2
CASSIA,ID,14.2
BANNOCK,ID,14.1
BENEWAH,ID,14.1
BOUNDARY,ID,14.1
BONNEVILLE,ID,14.0666666666667
SHOSHONE,ID,14.0
LATAH,ID,13.9
LEMHI,ID,13.9
BINGHAM,ID,13.6
CANYON,ID,13.4666666666667
ADA,ID,13.325
TWIN FALLS,ID,13.3
NEZ PERCE,ID,12.5
KOOTENAI,ID,12.1
EDGAR,IL,15.9
COLES,IL,15.8
WILLIAMSON,IL,15.7333333333333
MC LEAN,IL,15.65
WILL,IL,15.5666666666667
CHAMPAIGN,IL,15.55
JEFFERSON,IL,15.5
MARION,IL,15.5
COOK,IL,15.4931818181818
KNOX,IL,15.3
LAKE,IL,15.2333333333333
WAYNE,IL,15.2
HAMILTON,IL,15.1
JACKSON,IL,15.05
VERMILION,IL,15.0333333333333
SHELBY,IL,15.0
FAYETTE,IL,14.9
LEE,IL,14.9
MASSAC,IL,14.9
WARREN,IL,14.9
WHITESIDE,IL,14.9
DU PAGE,IL,14.8333333333333
IROQUOIS,IL,14.8
MC DONOUGH,IL,14.8
PIKE,IL,14.8
ST. CLAIR,IL,14.8
WINNEBAGO,IL,14.8
MADISON,IL,14.74
BOND,IL,14.7
CLAY,IL,14.7
GRUNDY,IL,14.7
HARDIN,IL,14.7
JO DAVIESS,IL,14.7
RICHLAND,IL,14.7
KANE,IL,14.6
LAWRENCE,IL,14.6
SCHUYLER,IL,14.6
KANKAKEE,IL,14.55
BUREAU,IL,14.5
FRANKLIN,IL,14.5
FULTON,IL,14.5
MASON,IL,14.5
SALINE,IL,14.5
SANGAMON,IL,14.5
WABASH,IL,14.5
ADAMS,IL,14.4
CRAWFORD,IL,14.4
EFFINGHAM,IL,14.4
GREENE,IL,14.4
MC HENRY,IL,14.4
OGLE,IL,14.4
PIATT,IL,14.4
RANDOLPH,IL,14.4
ROCK ISLAND,IL,14.4
WOODFORD,IL,14.4
PEORIA,IL,14.3666666666667
HANCOCK,IL,14.2
HENRY,IL,14.2
MACON,IL,14.2
MONTGOMERY,IL,14.2
UNION,IL,14.2
LA SALLE,IL,14.1333333333333
CHRISTIAN,IL,14.05
DE KALB,IL,14.05
MACOUPIN,IL,14.0
STEPHENSON,IL,14.0
PERRY,IL,13.95
LIVINGSTON,IL,13.9
LOGAN,IL,13.9
TAZEWELL,IL,13.75
FORD,IL,13.7
CLINTON,IL,13.6
JERSEY,IL,13.6
SULLIVAN,IN,15.5
NOBLE,IN,15.4
KNOX,IN,15.3
VERMILLION,IN,15.3
LA PORTE,IN,15.25
FRANKLIN,IN,15.2
SCOTT,IN,15.2
PERRY,IN,15.1
WAYNE,IN,15.1
CLARK,IN,15.0
JEFFERSON,IN,15.0
STARKE,IN,15.0
RANDOLPH,IN,14.9
WHITE,IN,14.9
GIBSON,IN,14.8
GREENE,IN,14.8
KOSCIUSKO,IN,14.8
LAWRENCE,IN,14.8
VANDERBURGH,IN,14.75
HANCOCK,IN,14.7
LAKE,IN,14.7
FLOYD,IN,14.65
LAGRANGE,IN,14.6
MARION,IN,14.56
HARRISON,IN,14.5
JENNINGS,IN,14.5
JOHNSON,IN,14.5
PULASKI,IN,14.5
TIPPECANOE,IN,14.45
VIGO,IN,14.45
DEARBORN,IN,14.4
HENRY,IN,14.4
TIPTON,IN,14.4
WARREN,IN,14.4
MARSHALL,IN,14.35
CLINTON,IN,14.3
FULTON,IN,14.3
HENDRICKS,IN,14.3
WARRICK,IN,14.3
WHITLEY,IN,14.3
MADISON,IN,14.2
CLAY,IN,14.2
DECATUR,IN,14.2
HOWARD,IN,14.2
JAY,IN,14.2
PUTNAM,IN,14.2
SHELBY,IN,14.2
ST. JOSEPH,IN,14.1666666666667
ALLEN,IN,14.1428571428571
JASPER,IN,14.1
ORANGE,IN,14.1
STEUBEN,IN,14.1
WABASH,IN,14.1
BOONE,IN,14.0
MIAMI,IN,14.0
PORTER,IN,14.0
BLACKFORD,IN,13.9
WELLS,IN,13.9
HAMILTON,IN,13.84
ADAMS,IN,13.8
DUBOIS,IN,13.8
HUNTINGTON,IN,13.8
MORGAN,IN,13.8
RUSH,IN,13.8
DAVIESS,IN,13.7
DE KALB,IN,13.7
MONROE,IN,13.65
BARTHOLOMEW,IN,13.6
CASS,IN,13.6
DELAWARE,IN,13.6
ELKHART,IN,13.55
GRANT,IN,13.5
JACKSON,IN,13.4
MONTGOMERY,IN,13.3
REPUBLIC,KS,16.9
CLAY,KS,15.8
SMITH,KS,15.7
FRANKLIN,KS,15.6
LOGAN,KS,15.6
SCOTT,KS,15.6
SHERMAN,KS,15.5
HAMILTON,KS,15.3
COMANCHE,KS,15.2
GEARY,KS,15.2
ATCHISON,KS,15.1
GREELEY,KS,15.1
RUSSELL,KS,15.1
STEVENS,KS,15.1
COFFEY,KS,15.0
NEOSHO,KS,15.0
ROOKS,KS,15.0
GRAHAM,KS,14.9
WASHINGTON,KS,14.85
ELLSWORTH,KS,14.8
SUMNER,KS,14.8
TREGO,KS,14.8
HODGEMAN,KS,14.7
NEMAHA,KS,14.7
PHILLIPS,KS,14.7
BARTON,KS,14.6666666666667
DICKINSON,KS,14.65
CHEYENNE,KS,14.6
CLOUD,KS,14.6
GOVE,KS,14.6
HARPER,KS,14.6
LANE,KS,14.6
MEADE,KS,14.6
MORRIS,KS,14.6
ALLEN,KS,14.5
GRANT,KS,14.5
GREENWOOD,KS,14.5
KEARNY,KS,14.5
NESS,KS,14.5
NORTON,KS,14.5
RAWLINS,KS,14.5
SHERIDAN,KS,14.5
WILSON,KS,14.45
WYANDOTTE,KS,14.45
DECATUR,KS,14.4
FORD,KS,14.4
LINCOLN,KS,14.4
MIAMI,KS,14.4
POTTAWATOMIE,KS,14.4
SEWARD,KS,14.4
THOMAS,KS,14.4
WICHITA,KS,14.4
CRAWFORD,KS,14.4
JOHNSON,KS,14.3666666666667
COWLEY,KS,14.35
BARBER,KS,14.3
BUTLER,KS,14.3
EDWARDS,KS,14.3
KINGMAN,KS,14.3
MITCHELL,KS,14.3
PAWNEE,KS,14.3
RUSH,KS,14.3
MCPHERSON,KS,14.2
CHEROKEE,KS,14.2
HASKELL,KS,14.2
LYON,KS,14.2
MARSHALL,KS,14.2
OSBORNE,KS,14.2
OTTAWA,KS,14.2
MARION,KS,14.1
CHAUTAUQUA,KS,14.1
ELLIS,KS,14.1
HARVEY,KS,14.1
JACKSON,KS,14.1
LEAVENWORTH,KS,14.1
RENO,KS,14.1
ANDERSON,KS,14.0
BROWN,KS,14.0
FINNEY,KS,13.9
MORTON,KS,13.9
SEDGWICK,KS,13.8
SALINE,KS,13.75
MONTGOMERY,KS,13.7
PRATT,KS,13.7
RICE,KS,13.7
SHAWNEE,KS,13.5666666666667
DOUGLAS,KS,13.5
RILEY,KS,13.35
LABETTE,KS,13.3
MONROE,KY,16.4
BRECKINRIDGE,KY,16.1
CALLOWAY,KY,16.0
HARLAN,KY,16.0
CHRISTIAN,KY,15.9
GRAVES,KY,15.8
ROWAN,KY,15.7
PIKE,KY,15.65
CAMPBELL,KY,15.6
LETCHER,KY,15.6
BOYD,KY,15.5
JOHNSON,KY,15.5
BELL,KY,15.4
GRAYSON,KY,15.4
SIMPSON,KY,15.4
BREATHITT,KY,15.2
CLAY,KY,15.2
BOONE,KY,15.0
LAUREL,KY,15.0
PULASKI,KY,15.0
WHITLEY,KY,15.0
JEFFERSON,KY,14.98
LINCOLN,KY,14.9
MC CRACKEN,KY,14.9
CASEY,KY,14.8
CRITTENDEN,KY,14.8
KENTON,KY,14.8
KNOX,KY,14.8
LOGAN,KY,14.8
MERCER,KY,14.8
ALLEN,KY,14.7
MUHLENBERG,KY,14.7
RUSSELL,KY,14.7
BOURBON,KY,14.6
CLINTON,KY,14.6
FAYETTE,KY,14.6
FRANKLIN,KY,14.6
LIVINGSTON,KY,14.6
PERRY,KY,14.6
ROCKCASTLE,KY,14.6
WAYNE,KY,14.6
CUMBERLAND,KY,14.5
HARRISON,KY,14.5
SHELBY,KY,14.5
TRIGG,KY,14.5
BARREN,KY,14.4
MONTGOMERY,KY,14.4
OHIO,KY,14.4
FLOYD,KY,14.3666666666667
CARROLL,KY,14.3
FLEMING,KY,14.3
LESLIE,KY,14.3
MARION,KY,14.3
MORGAN,KY,14.3
NELSON,KY,14.3
ESTILL,KY,14.2
LAWRENCE,KY,14.2
MARSHALL,KY,14.2
UNION,KY,14.2
CALDWELL,KY,14.1
CLARK,KY,14.1
HARDIN,KY,14.1
SCOTT,KY,14.1
WOODFORD,KY,14.1
MADISON,KY,14.05
DAVIESS,KY,14.0
ADAIR,KY,13.9
MASON,KY,13.8
WARREN,KY,13.8
BOYLE,KY,13.7
HENDERSON,KY,13.7
OLDHAM,KY,13.7
HOPKINS,KY,13.6
TAYLOR,KY,13.1
EAST CARROLL,LA,16.6
FRANKLIN,LA,16.0
ORLEANS,LA,15.625
BEAUREGARD,LA,15.6
IBERIA,LA,15.5
CLAIBORNE,LA,15.4
CONCORDIA,LA,15.3
WINN,LA,15.3
CADDO,LA,15.2
JACKSON,LA,15.2
JEFFRSON DAVIS,LA,15.2
POINTE COUPEE,LA,15.2
RAPIDES,LA,15.075
UNION,LA,15.05
OUACHITA,LA,15.025
JEFFERSON,LA,14.9
ST. BERNARD,LA,14.9
LASALLE,LA,14.8
TANGIPAHOA,LA,14.8
RED RIVER,LA,14.7
WEST CARROLL,LA,14.7
CALDWELL,LA,14.65
ST. TAMMANY,LA,14.65
MOREHOUSE,LA,14.6
SABINE,LA,14.6
AVOYELLES,LA,14.5
VERNON,LA,14.5
LAFOURCHE,LA,14.35
WASHINGTON,LA,14.35
EVANGELINE,LA,14.3
RICHLAND,LA,14.3
ST. CHARLES,LA,14.3
ST. JAMES,LA,14.3
ST. LANDRY,LA,14.3
ST. MARY,LA,14.3
VERMILION,LA,14.25
E. BATON ROUGE,LA,14.175
LAFAYETTE,LA,14.15
ALLEN,LA,14.1
TERREBONNE,LA,14.1
LINCOLN,LA,14.0
ST. MARTIN,LA,14.0
CALCASIEU,LA,13.975
WEBSTER,LA,13.95
DE SOTO,LA,13.7
NATCHITOCHES,LA,13.7
ACADIA,LA,13.2
FRANKLIN,MA,16.5
HAMPSHIRE,MA,16.3
HAMPDEN,MA,16.0
BRISTOL,MA,15.775
WORCESTER,MA,15.6625
BARNSTABLE,MA,15.5
MIDDLESEX,MA,15.3454545454545
SUFFOLK,MA,15.3272727272727
ESSEX,MA,15.28
NORFOLK,MA,15.1
PLYMOUTH,MA,15.1
BERKSHIRE,MA,15.0
DUKES,MA,13.8
NANTUCKET,MA,13.5
HOWARD,MD,15.9
CECIL,MD,15.5
CHARLES,MD,15.2
WASHINGTON,MD,14.9
ST. MARYS,MD,14.7
MONTGOMERY,MD,14.6
PRINCE GEORGES,MD,14.425
CARROLL,MD,14.4
ANNE ARUNDEL,MD,14.3
CALVERT,MD,14.3
WORCESTER,MD,14.3
HARFORD,MD,14.1
BALTIMORE CITY,MD,14.0416666666667
WICOMICO,MD,14.0
BALTIMORE,MD,13.725
FREDERICK,MD,13.5
GARRETT,MD,13.5
ALLEGANY,MD,13.4
KENT,MD,13.2
TALBOT,MD,12.6
PISCATAQUIS,ME,14.9
KENNEBEC,ME,14.5666666666667
KNOX,ME,14.5
OXFORD,ME,14.5
AROOSTOOK,ME,14.425
WASHINGTON,ME,14.4
PENOBSCOT,ME,14.3
HANCOCK,ME,14.3
SOMERSET,ME,14.05
CUMBERLAND,ME,13.975
YORK,ME,13.85
ANDROSCOGGIN,ME,13.7
LINCOLN,ME,13.7
WALDO,ME,13.5
FRANKLIN,ME,13.3
BRANCH,MI,15.6
MONROE,MI,15.6
BAY,MI,15.5
IOSCO,MI,15.5
NEWAYGO,MI,15.5
WAYNE,MI,15.4133333333333
OGEMAW,MI,15.4
SAGINAW,MI,15.35
CLARE,MI,15.3
OAKLAND,MI,15.2
GRATIOT,MI,15.0
LUCE,MI,15.0
BARAGA,MI,14.9
OTSEGO,MI,14.9
DICKINSON,MI,14.85
MACOMB,MI,14.7666666666667
ST. CLAIR,MI,14.7
CHIPPEWA,MI,14.7
SHIAWASSEE,MI,14.7
TUSCOLA,MI,14.7
HURON,MI,14.65
GENESEE,MI,14.6333333333333
WASHTENAW,MI,14.625
ISABELLA,MI,14.6
OCEANA,MI,14.6
CALHOUN,MI,14.5
ONTONAGON,MI,14.5
SANILAC,MI,14.5
SCHOOLCRAFT,MI,14.5
ARENAC,MI,14.4
BARRY,MI,14.4
CASS,MI,14.4
EATON,MI,14.4
GLADWIN,MI,14.4
GOGEBIC,MI,14.4
IONIA,MI,14.4
MACKINAC,MI,14.4
MECOSTA,MI,14.4
OTTAWA,MI,14.4
ST. JOSEPH,MI,14.4
HOUGHTON,MI,14.35
CRAWFORD,MI,14.3
KALKASKA,MI,14.3
ALGER,MI,14.2
ALLEGAN,MI,14.2
JACKSON,MI,14.2
LAPEER,MI,14.2
VAN BUREN,MI,14.15
MIDLAND,MI,14.1
MARQUETTE,MI,14.05
EMMET,MI,14.0
MANISTEE,MI,14.0
CHARLEVOIX,MI,13.9
DELTA,MI,13.8
IRON,MI,13.8
LIVINGSTON,MI,13.75
MONTCALM,MI,13.75
HILLSDALE,MI,13.7
LENAWEE,MI,13.7
KENT,MI,13.6
CLINTON,MI,13.5
INGHAM,MI,13.4
MASON,MI,13.4
ALPENA,MI,13.3
KALAMAZOO,MI,13.2
BERRIEN,MI,13.1
GRAND TRAVERSE,MI,13.0
MUSKEGON,MI,12.9
WEXFORD,MI,12.9
COTTONWOOD,MN,15.4
NOBLES,MN,15.2
KANABEC,MN,15.0
CHIPPEWA,MN,14.8
KOOCHICHING,MN,14.8
MURRAY,MN,14.8
POPE,MN,14.8
ROSEAU,MN,14.8
HENNEPIN,MN,14.75
MC LEOD,MN,14.75
CLEARWATER,MN,14.7
SIBLEY,MN,14.7
WATONWAN,MN,14.7
LYON,MN,14.65
YELLOW MEDCINE,MN,14.6
BIG STONE,MN,14.6
ROCK,MN,14.6
STEVENS,MN,14.6
BROWN,MN,14.55
COOK,MN,14.5
FARIBAULT,MN,14.5
MEEKER,MN,14.5
MILLE LACS,MN,14.5
NICOLLET,MN,14.5
WASHINGTON,MN,14.5
ST. LOUIS,MN,14.4714285714286
POLK,MN,14.45
MORRISON,MN,14.4
RENVILLE,MN,14.4
WASECA,MN,14.4
WRIGHT,MN,14.4
CARLTON,MN,14.4
TODD,MN,14.4
LINCOLN,MN,14.35
ITASCA,MN,14.35
AITKIN,MN,14.3
ANOKA,MN,14.3
CROW WING,MN,14.3
GOODHUE,MN,14.3
LAC QUI PARLE,MN,14.3
CARVER,MN,14.2
LAKE,MN,14.2
PENNINGTON,MN,14.2
REDWOOD,MN,14.2
STEELE,MN,14.2
WADENA,MN,14.2
WINONA,MN,14.2
RAMSEY,MN,14.1666666666667
SCOTT,MN,14.1
BECKER,MN,14.1
MARSHALL,MN,14.1
MARTIN,MN,14.1
PIPESTONE,MN,14.1
SWIFT,MN,14.1
WABASHA,MN,14.1
STEARNS,MN,14.075
ISANTI,MN,14.0
WILKIN,MN,14.0
OLMSTED,MN,13.95
OTTER TAIL,MN,13.95
CHISAGO,MN,13.9
DOUGLAS,MN,13.9
FREEBORN,MN,13.9
HUBBARD,MN,13.9
KANDIYOHI,MN,13.9
BELTRAMI,MN,13.8
RICE,MN,13.65
DAKOTA,MN,13.0
BLUE EARTH,MN,12.9
TEXAS,MO,15.8
ST. LOUIS CITY,MO,15.6333333333333
HENRY,MO,15.6
SALINE,MO,15.6
LAWRENCE,MO,15.5
PUTNAM,MO,15.5
BARRY,MO,15.45
LINCOLN,MO,15.3
PERRY,MO,15.3
ATCHISON,MO,15.1
CASS,MO,15.1
PHELPS,MO,15.1
PEMISCOT,MO,15.0
BOONE,MO,14.9666666666667
CEDAR,MO,14.9
ST. LOUIS,MO,14.9
VERNON,MO,14.9
JEFFERSON,MO,14.85
JACKSON,MO,14.84
ST. CHARLES,MO,14.825
DENT,MO,14.8
HARRISON,MO,14.8
PETTIS,MO,14.8
WASHINGTON,MO,14.8
GASCONADE,MO,14.7
LAFAYETTE,MO,14.6
MARION,MO,14.6
ST. CLAIR,MO,14.6
GENTRY,MO,14.5
IRON,MO,14.5
PIKE,MO,14.5
POLK,MO,14.5
RAY,MO,14.4
SULLIVAN,MO,14.4
CLAY,MO,14.3666666666667
JASPER,MO,14.3666666666667
CAPE GIRARDEAU,MO,14.3
GREENE,MO,14.3
RANDOLPH,MO,14.3
BARTON,MO,14.2
CLINTON,MO,14.2
GRUNDY,MO,14.2
HOWELL,MO,14.2
JOHNSON,MO,14.2
MACON,MO,14.2
MADISON,MO,14.2
SCOTT,MO,14.2
STE. GENEVIEVE,MO,14.2
COLE,MO,14.15
LINN,MO,14.1
BUTLER,MO,14.05
FRANKLIN,MO,14.05
ADAIR,MO,14.0
BATES,MO,14.0
BUCHANAN,MO,13.9
LACLEDE,MO,13.9
LIVINGSTON,MO,13.9
SCOTLAND,MO,13.9
STODDARD,MO,13.9
NODAWAY,MO,13.7
PLATTE,MO,13.7
CAMDEN,MO,13.6
ST. FRANCOIS,MO,13.6
CARROLL,MO,13.5
NEWTON,MO,13.4
TANEY,MO,13.1
SAIPAN,MP,14.4
WASHINGTON,MS,16.5
JONES,MS,16.3
YALOBUSHA,MS,16.0
LOWNDES,MS,15.8
MARSHALL,MS,15.7
LAFAYETTE,MS,15.5
LEFLORE,MS,15.5
TATE,MS,15.5
JEFFERSON,MS,15.4
OKTIBBEHA,MS,15.3
ALCORN,MS,15.2
PEARL RIVER,MS,15.2
DE SOTO,MS,15.15
LAMAR,MS,15.1
PRENTISS,MS,15.1
RANKIN,MS,15.1
SIMPSON,MS,15.05
CLAIBORNE,MS,15.0
COAHOMA,MS,15.0
HOLMES,MS,15.0
WEBSTER,MS,15.0
HARRISON,MS,14.9
LINCOLN,MS,14.9
MARION,MS,14.9
WILKINSON,MS,14.9
YAZOO,MS,14.9
PIKE,MS,14.85
COVINGTON,MS,14.8
FORREST,MS,14.8
UNION,MS,14.8
WALTHALL,MS,14.8
HINDS,MS,14.78
WARREN,MS,14.7
CHOCTAW,MS,14.6
GEORGE,MS,14.6
PANOLA,MS,14.6
SUNFLOWER,MS,14.55
JACKSON,MS,14.5
KEMPER,MS,14.5
MONROE,MS,14.5
WAYNE,MS,14.5
ADAMS,MS,14.4
MADISON,MS,14.4
TIPPAH,MS,14.4
HANCOCK,MS,14.3
NESHOBA,MS,14.3
SCOTT,MS,14.3
SHARKEY,MS,14.3
WINSTON,MS,14.3
CLAY,MS,14.2
COPIAH,MS,14.2
LAWRENCE,MS,14.2
CALHOUN,MS,14.1
GRENADA,MS,14.1
LEE,MS,14.1
BOLIVAR,MS,14.0
ATTALA,MS,13.9
LAUDERDALE,MS,13.9
FRANKLIN,MS,13.8
LEAKE,MS,13.8
TISHOMINGO,MS,13.8
PONTOTOC,MS,13.7
MONTGOMERY,MS,13.6
DAWSON,MT,15.3
PARK,MT,15.0
BIG HORN,MT,14.95
GLACIER,MT,14.95
LINCOLN,MT,14.9
SANDERS,MT,14.9
SHERIDAN,MT,14.8
FALLON,MT,14.7
ROOSEVELT,MT,14.7
VALLEY,MT,14.7
MADISON,MT,14.55
TOOLE,MT,14.5
MINERAL,MT,14.4
RICHLAND,MT,14.4
ROSEBUD,MT,14.4
STILLWATER,MT,14.4
DANIELS,MT,14.3
FERGUS,MT,14.3
LAKE,MT,14.3
MCCONE,MT,14.3
POWELL,MT,14.3
LEWIS AND CLARK,MT,14.25
PHILLIPS,MT,14.2
RAVALLI,MT,14.2
SWEET GRASS,MT,14.2
SILVER BOW,MT,14.1
BEAVERHEAD,MT,14.0
YELLOWSTONE,MT,13.95
CUSTER,MT,13.9
DEER LODGE,MT,13.9
GALLATIN,MT,13.9
FLATHEAD,MT,13.85
HILL,MT,13.5
MISSOULA,MT,13.4
CASCADE,MT,13.3
HERTFORD,NC,16.3
PITT,NC,16.2
EDGECOMBE,NC,15.7
PERSON,NC,15.6
HALIFAX,NC,15.4
HARNETT,NC,15.4
ROBESON,NC,15.4
WILSON,NC,15.4
CUMBERLAND,NC,15.35
ASHE,NC,15.2
CHOWAN,NC,15.2
RUTHERFORD,NC,15.2
UNION,NC,15.2
LEE,NC,15.1
STOKES,NC,15.1
TRANSYLVANIA,NC,15.1
DUPLIN,NC,15.0
JOHNSTON,NC,15.0
WASHINGTON,NC,15.0
SCOTLAND,NC,14.9
STANLY,NC,14.9
DAVIE,NC,14.8
ONSLOW,NC,14.8
PASQUOTANK,NC,14.8
VANCE,NC,14.8
ROCKINGHAM,NC,14.7
SAMPSON,NC,14.7
SWAIN,NC,14.7
MACON,NC,14.65
CABARRUS,NC,14.6
CHEROKEE,NC,14.6
DAVIDSON,NC,14.6
MC DOWELL,NC,14.6
BRUNSWICK,NC,14.5
MARTIN,NC,14.5
PENDER,NC,14.5
POLK,NC,14.5
ALAMANCE,NC,14.4
ANSON,NC,14.4
CALDWELL,NC,14.4
CHATHAM,NC,14.4
COLUMBUS,NC,14.4
GASTON,NC,14.4
LENOIR,NC,14.4
WILKES,NC,14.4
AVERY,NC,14.3
BLADEN,NC,14.3
CARTERET,NC,14.3
GRANVILLE,NC,14.3
MONTGOMERY,NC,14.3
WAYNE,NC,14.3
IREDELL,NC,14.3
FORSYTH,NC,14.2666666666667
SURRY,NC,14.25
WATAUGA,NC,14.2
DURHAM,NC,14.15
ALLEGHANY,NC,14.1
HAYWOOD,NC,14.1
WAKE,NC,14.075
BERTIE,NC,14.0
CLEVELAND,NC,14.0
HOKE,NC,14.0
CATAWBA,NC,13.95
BURKE,NC,13.9
MITCHELL,NC,13.9
NASH,NC,13.9
MECKLENBURG,NC,13.8571428571429
DARE,NC,13.8
JACKSON,NC,13.8
ORANGE,NC,13.8
CRAVEN,NC,13.7
LINCOLN,NC,13.7
MOORE,NC,13.5
RANDOLPH,NC,13.5
NEW HANOVER,NC,13.4
BUNCOMBE,NC,13.3
GUILFORD,NC,13.15
ROWAN,NC,13.05
HENDERSON,NC,12.75
EMMONS,ND,15.0
GRANT,ND,15.0
WELLS,ND,15.0
CASS,ND,14.8666666666667
ROLETTE,ND,14.7
WILLIAMS,ND,14.65
CAVALIER,ND,14.6
DIVIDE,ND,14.6
MCINTOSH,ND,14.6
RANSOM,ND,14.6
MCKENZIE,ND,14.5
PEMBINA,ND,14.5
WALSH,ND,14.5
GRAND FORKS,ND,14.45
TRAILL,ND,14.45
MCLEAN,ND,14.4
MERCER,ND,14.4
PIERCE,ND,14.4
GRIGGS,ND,14.3
RAMSEY,ND,14.3
WARD,ND,14.3
ADAMS,ND,14.2
BARNES,ND,14.2
BOTTINEAU,ND,14.2
DICKEY,ND,14.2
STUTSMAN,ND,14.2
TOWNER,ND,14.0
FOSTER,ND,13.9
BURLEIGH,ND,13.55
STARK,ND,13.2
WASHINGTON,NE,15.5
WAYNE,NE,15.3
SEWARD,NE,15.2
JOHNSON,NE,15.1
NUCKOLLS,NE,15.1
GARDEN,NE,15.0
THURSTON,NE,15.0
YORK,NE,14.95
FURNAS,NE,14.9
RICHARDSON,NE,14.9
HALL,NE,14.9
BROWN,NE,14.7
SALINE,NE,14.7
CUSTER,NE,14.6
BOX BUTTE,NE,14.6
DAWSON,NE,14.6
FILLMORE,NE,14.6
HARLAN,NE,14.6
JEFFERSON,NE,14.6
MERRICK,NE,14.6
SCOTT BLUFF,NE,14.6
BUTLER,NE,14.5
CHEYENNE,NE,14.5
DUNDY,NE,14.5
PIERCE,NE,14.5
THAYER,NE,14.5
BOONE,NE,14.4
DODGE,NE,14.4
HOLT,NE,14.4
HOWARD,NE,14.4
KEARNEY,NE,14.4
KEITH,NE,14.4
PERKINS,NE,14.4
RED WILLOW,NE,14.4
SAUNDERS,NE,14.4
HAMILTON,NE,14.3
KNOX,NE,14.3
NEMAHA,NE,14.3
ANTELOPE,NE,14.2
CHASE,NE,14.2
CHERRY,NE,14.2
VALLEY,NE,14.2
CUMING,NE,14.1
KIMBALL,NE,14.1
MORRILL,NE,14.1
LINCOLN,NE,14.0
OTOE,NE,14.0
PHELPS,NE,14.0
POLK,NE,14.0
LANCASTER,NE,13.95
DOUGLAS,NE,13.9333333333333
DAWES,NE,13.9
BUFFALO,NE,13.8
SARPY,NE,13.8
SHERIDAN,NE,13.8
GAGE,NE,13.7
ADAMS,NE,13.5
MADISON,NE,13.4
PLATTE,NE,12.9
GRAFTON,NH,14.8
COOS,NH,14.8
BELKNAP,NH,14.7
CARROLL,NH,14.65
CHESHIRE,NH,14.6
MERRIMACK,NH,14.5666666666667
HILLSBOROUGH,NH,14.46
ROCKINGHAM,NH,14.4
STRAFFORD,NH,14.35
SULLIVAN,NH,13.5
CUMBERLAND,NJ,16.9
SOMERSET,NJ,16.6
ESSEX,NJ,16.075
CAMDEN,NJ,16.025
HUDSON,NJ,15.6833333333333
MERCER,NJ,15.425
MONMOUTH,NJ,15.34
CAPE MAY,NJ,15.3
MIDDLESEX,NJ,15.26
OCEAN,NJ,15.25
BURLINGTON,NJ,15.2
SALEM,NJ,15.2
ATLANTIC,NJ,15.0
WARREN,NJ,14.9
HUNTERDON,NJ,14.6
UNION,NJ,14.5666666666667
PASSAIC,NJ,14.5
BERGEN,NJ,14.2166666666667
MORRIS,NJ,13.8666666666667
SUSSEX,NJ,12.9
LINCOLN,NM,15.4
DONA ANA,NM,15.2333333333333
EDDY,NM,14.85
ROOSEVELT,NM,14.8
COLFAX,NM,14.7
LUNA,NM,14.7
GUADALUPE,NM,14.6
UNION,NM,14.5
CIBOLA,NM,14.4
SIERRA,NM,14.4
SOCORRO,NM,14.4
MCKINLEY,NM,14.375
GRANT,NM,14.3
OTERO,NM,14.2
RIO ARRIBA,NM,14.2
BERNALILLO,NM,14.15
LEA,NM,14.15
SAN JUAN,NM,14.1
TAOS,NM,14.1
CHAVES,NM,13.95
LOS ALAMOS,NM,13.9
SAN MIGUEL,NM,13.8
SANTA FE,NM,13.8
CURRY,NM,13.6
SANDOVAL,NM,13.5
NYE,NV,15.4
CLARK,NV,15.2529411764706
HUMBOLDT,NV,15.0
MINERAL,NV,14.9
CHURCHILL,NV,14.8
WASHOE,NV,14.55
WHITE PINE,NV,14.5
ELKO,NV,14.4
LINCOLN,NV,14.2
DOUGLAS,NV,13.9
CARSON CITY,NV,13.3
ONONDAGA,NY,16.775
RICHMOND,NY,16.7
GENESEE,NY,16.1
KINGS,NY,16.02
ORANGE,NY,15.45
WAYNE,NY,15.3
BRONX,NY,15.2166666666667
SULLIVAN,NY,15.2
WYOMING,NY,15.2
SUFFOLK,NY,15.17
CAYUGA,NY,15.1
NASSAU,NY,15.0555555555556
ALBANY,NY,15.0333333333333
ULSTER,NY,15.0
ONTARIO,NY,14.9666666666667
QUEENS,NY,14.9666666666667
OSWEGO,NY,14.9
PUTNAM,NY,14.9
ST. LAWRENCE,NY,14.875
OTSEGO,NY,14.85
ROCKLAND,NY,14.85
ONEIDA,NY,14.8333333333333
CORTLAND,NY,14.8
SCHUYLER,NY,14.8
ERIE,NY,14.8
NEW YORK,NY,14.7909090909091
MADISON,NY,14.75
STEUBEN,NY,14.7333333333333
DUTCHESS,NY,14.7
BROOME,NY,14.7
ESSEX,NY,14.7
MONTGOMERY,NY,14.7
SCHENECTADY,NY,14.65
DELAWARE,NY,14.6333333333333
MONROE,NY,14.625
LIVINGSTON,NY,14.6
WARREN,NY,14.6
WESTCHESTER,NY,14.5333333333333
CLINTON,NY,14.5
NIAGARA,NY,14.4666666666667
JEFFERSON,NY,14.45
CHENANGO,NY,14.3
ORLEANS,NY,14.3
RENSSELAER,NY,14.3
CHEMUNG,NY,14.2
COLUMBIA,NY,14.2
TOMPKINS,NY,14.2
CATTARAUGUS,NY,14.1
FULTON,NY,14.1
FRANKLIN,NY,14.05
CHAUTAUQUA,NY,14.0333333333333
YATES,NY,13.9
ALLEGANY,NY,13.8
HERKIMER,NY,13.8
SARATOGA,NY,13.7
SCHOHARIE,NY,13.4
OTTAWA,OH,15.9
GREENE,OH,15.5
MONTGOMERY,OH,15.44
ASHTABULA,OH,15.35
CLINTON,OH,15.3
FAIRFIELD,OH,15.3
MARION,OH,15.3
ATHENS,OH,15.2
HAMILTON,OH,15.1875
FULTON,OH,15.1
GUERNSEY,OH,15.1
MAHONING,OH,15.1
PICKAWAY,OH,15.1
ADAMS,OH,15.0
ASHLAND,OH,14.9
CUYAHOGA,OH,14.9
PIKE,OH,14.9
MIAMI,OH,14.9
WASHINGTON,OH,14.85
HARDIN,OH,14.8
JEFFERSON,OH,14.8
KNOX,OH,14.8
MADISON,OH,14.8
SUMMIT,OH,14.775
DEFIANCE,OH,14.7
BELMONT,OH,14.7
HENRY,OH,14.7
PORTAGE,OH,14.7
SCIOTO,OH,14.7
COLUMBIANA,OH,14.6
LAKE,OH,14.6
PAULDING,OH,14.6
WOOD,OH,14.6
BUTLER,OH,14.575
LUCAS,OH,14.56
ALLEN,OH,14.525
LORAIN,OH,14.525
CRAWFORD,OH,14.5
DARKE,OH,14.5
MEDINA,OH,14.5
FAYETTE,OH,14.4
WYANDOT,OH,14.4
CLARK,OH,14.4
HURON,OH,14.4
RICHLAND,OH,14.3666666666667
FRANKLIN,OH,14.3625
HIGHLAND,OH,14.3
MERCER,OH,14.3
MORROW,OH,14.3
WILLIAMS,OH,14.3
TRUMBULL,OH,14.25
HOCKING,OH,14.2
SENECA,OH,14.15
COSHOCTON,OH,14.1
GEAUGA,OH,14.1
LOGAN,OH,14.1
VAN WERT,OH,14.1
CHAMPAIGN,OH,14.0
DELAWARE,OH,14.0
GALLIA,OH,14.0
LICKING,OH,14.0
STARK,OH,14.0
CLERMONT,OH,13.9
HOLMES,OH,13.9
JACKSON,OH,13.9
SHELBY,OH,13.9
AUGLAIZE,OH,13.8
ROSS,OH,13.8
WARREN,OH,13.7
WAYNE,OH,13.65
UNION,OH,13.6
MUSKINGUM,OH,13.5
SANDUSKY,OH,13.45
HANCOCK,OH,13.3
ERIE,OH,13.1
TUSCARAWAS,OH,13.0
BRYAN,OK,18.1
MCCURTAIN,OK,16.3
CHEROKEE,OK,15.6
COMANCHE,OK,15.4333333333333
CHOCTAW,OK,15.4
MARSHALL,OK,15.3
CRAIG,OK,15.2
CARTER,OK,15.0
WOODS,OK,15.0
HARMON,OK,14.9
HARPER,OK,14.9
PAYNE,OK,14.85
LE FLORE,OK,14.8
MAYES,OK,14.8
NOBLE,OK,14.8
SEQUOYAH,OK,14.8
TEXAS,OK,14.8
BEAVER,OK,14.7
BLAINE,OK,14.7
CLEVELAND,OK,14.7
CREEK,OK,14.7
LATIMER,OK,14.7
OKMULGEE,OK,14.7
BECKHAM,OK,14.6
CANADIAN,OK,14.6
COAL,OK,14.6
JACKSON,OK,14.6
LOVE,OK,14.6
CUSTER,OK,14.5
DEWEY,OK,14.5
ELLIS,OK,14.5
GARVIN,OK,14.5
KAY,OK,14.5
KIOWA,OK,14.5
OSAGE,OK,14.5
WASHITA,OK,14.5
CADDO,OK,14.45
PONTOTOC,OK,14.45
ROGERS,OK,14.45
ATOKA,OK,14.4
GRADY,OK,14.4
HUGHES,OK,14.4
MURRAY,OK,14.4
ROGER MILLS,OK,14.4
OKFUSKEE,OK,14.3
OTTAWA,OK,14.3
PUSHMATAHA,OK,14.3
MUSKOGEE,OK,14.25
ADAIR,OK,14.2
NOWATA,OK,14.2
PITTSBURG,OK,14.2
WAGONER,OK,14.2
CIMARRON,OK,14.1
HASKELL,OK,14.1
LOGAN,OK,14.1
MAJOR,OK,14.1
MCCLAIN,OK,14.1
POTTAWATOMIE,OK,14.1
STEPHENS,OK,14.0
OKLAHOMA,OK,13.9944444444444
GARFIELD,OK,13.95
GREER,OK,13.9
TULSA,OK,13.875
DELAWARE,OK,13.8
KINGFISHER,OK,13.7
SEMINOLE,OK,13.5
WASHINGTON,OK,13.4
WOODWARD,OK,13.4
HARNEY,OR,15.5
LAKE,OR,15.3
HOOD RIVER,OR,14.8
GRANT,OR,14.7
BAKER,OR,14.5
CURRY,OR,14.4
YAMHILL,OR,14.4
DOUGLAS,OR,14.3
UNION,OR,14.3
CROOK,OR,14.2
JEFFERSON,OR,14.2
TILLAMOOK,OR,14.2
COOS,OR,14.1666666666667
LINCOLN,OR,14.1
WASHINGTON,OR,14.075
UMATILLA,OR,14.05
WALLOWA,OR,14.0
MULTNOMAH,OR,13.8571428571429
CLACKAMAS,OR,13.8333333333333
BENTON,OR,13.8
JACKSON,OR,13.7666666666667
KLAMATH,OR,13.7
LINN,OR,13.65
LANE,OR,13.64
CLATSOP,OR,13.6
MARION,OR,13.6
MALHEUR,OR,13.4
WASCO,OR,13.4
JOSEPHINE,OR,13.3
DESCHUTES,OR,13.1
INDIANA,PA,16.0
MONROE,PA,15.6
SUSQUEHANNA,PA,15.55
PHILADELPHIA,PA,15.45
CARBON,PA,15.4
FAYETTE,PA,15.35
ARMSTRONG,PA,15.3
MONTOUR,PA,15.3
ALLEGHENY,PA,15.2235294117647
CLARION,PA,15.2
LAWRENCE,PA,15.2
MONTGOMERY,PA,15.1888888888889
LEHIGH,PA,15.1
CHESTER,PA,15.0666666666667
NORTHAMPTON,PA,15.0
LYCOMING,PA,14.875
BUCKS,PA,14.8333333333333
BRADFORD,PA,14.8
LEBANON,PA,14.8
MC KEAN,PA,14.8
MIFFLIN,PA,14.8
TIOGA,PA,14.8
CENTRE,PA,14.7
GREENE,PA,14.7
WARREN,PA,14.7
LUZERNE,PA,14.675
WASHINGTON,PA,14.675
LACKAWANNA,PA,14.6666666666667
DAUPHIN,PA,14.65
BLAIR,PA,14.625
DELAWARE,PA,14.6
SOMERSET,PA,14.5666666666667
ERIE,PA,14.52
CAMBRIA,PA,14.5
WESTMORELAND,PA,14.45
BEAVER,PA,14.4
POTTER,PA,14.4
WAYNE,PA,14.4
CRAWFORD,PA,14.25
CUMBERLAND,PA,14.2333333333333
ELK,PA,14.2
FULTON,PA,14.2
SCHUYLKILL,PA,14.2
BERKS,PA,14.1
BUTLER,PA,14.1
HUNTINGDON,PA,14.1
UNION,PA,14.1
MERCER,PA,14.075
YORK,PA,13.96
CLINTON,PA,13.9
VENANGO,PA,13.9
FRANKLIN,PA,13.8
JEFFERSON,PA,13.8
COLUMBIA,PA,13.7
CLEARFIELD,PA,13.6
BEDFORD,PA,13.5
ADAMS,PA,13.1
LANCASTER,PA,12.8333333333333
CAGUAS,PR,16.35
ARECIBO,PR,15.7
CAROLINA,PR,15.7
CAYEY,PR,15.7
AIBONITO,PR,15.5
MANATI,PR,15.45
VEGA BAJA,PR,15.4
BAYAMON,PR,15.35
SAN JUAN,PR,15.3285714285714
GUAYANILLA,PR,15.3
SAN GERMAN,PR,15.3
PONCE,PR,15.075
MAYAGUEZ,PR,15.0666666666667
HUMACAO,PR,14.9333333333333
AGUADILLA,PR,14.9
MOCA,PR,14.6
FAJARDO,PR,14.5
YAUCO,PR,14.3
KENT,RI,15.8
PROVIDENCE,RI,15.3571428571429
NEWPORT,RI,14.3
WASHINGTON,RI,13.95
GEORGETOWN,SC,16.2
CHEROKEE,SC,15.7
DARLINGTON,SC,15.7
AIKEN,SC,15.3
FLORENCE,SC,15.1
CHESTERFIELD,SC,15.1
MARION,SC,15.0
DILLON,SC,14.9
LANCASTER,SC,14.8
CHARLESTON,SC,14.7142857142857
BEAUFORT,SC,14.7
CLARENDON,SC,14.7
JASPER,SC,14.7
OCONEE,SC,14.7
ABBEVILLE,SC,14.6
ALLENDALE,SC,14.6
ANDERSON,SC,14.6
CHESTER,SC,14.6
HAMPTON,SC,14.5
HORRY,SC,14.5
PICKENS,SC,14.45
COLLETON,SC,14.4
LAURENS,SC,14.4
RICHLAND,SC,14.25
UNION,SC,14.1
LEXINGTON,SC,14.05
DORCHESTER,SC,14.0
NEWBERRY,SC,14.0
GREENVILLE,SC,13.92
GREENWOOD,SC,13.9
SUMTER,SC,13.7
YORK,SC,13.7
KERSHAW,SC,13.4
SPARTANBURG,SC,13.35
SPINK,SD,15.6
MEADE,SD,15.4
CHARLES MIX,SD,15.3
WALWORTH,SD,15.3
GREGORY,SD,15.15
BRULE,SD,15.1
CUSTER,SD,14.8
TRIPP,SD,14.8
DAY,SD,14.7
POTTER,SD,14.7
TODD,SD,14.7
HUTCHINSON,SD,14.5
MARSHALL,SD,14.5
FALL RIVER,SD,14.45
JERAULD,SD,14.4
LAWRENCE,SD,14.4
OGLALA LAKOTA COUNTY,SD,14.4
BON HOMME,SD,14.3
CODINGTON,SD,14.3
DEUEL,SD,14.3
FAULK,SD,14.3
HAAKON,SD,14.3
ROBERTS,SD,14.3
BEADLE,SD,14.2
BROOKINGS,SD,14.2
CLAY,SD,14.2
GRANT,SD,14.2
HAND,SD,14.2
LAKE,SD,14.2
DOUGLAS,SD,14.1
MOODY,SD,14.1
YANKTON,SD,14.1
BROWN,SD,14.05
HUGHES,SD,14.0
MINNEHAHA,SD,13.74
UNION,SD,13.4
PENNINGTON,SD,13.1
LINCOLN,SD,12.9
OVERTON,TN,16.8
WASHINGTON,TN,16.2333333333333
CLAIBORNE,TN,16.1
HAMBLEN,TN,16.1
HUMPHREYS,TN,15.6
JEFFERSON,TN,15.6
CARROLL,TN,15.5
ROANE,TN,15.5
PUTNAM,TN,15.2
TROUSDALE,TN,15.2
DAVIDSON,TN,15.1888888888889
MACON,TN,15.1
CANNON,TN,15.0
GREENE,TN,15.0
RUTHERFORD,TN,14.9666666666667
SHELBY,TN,14.9166666666667
CARTER,TN,14.9
LOUDON,TN,14.9
MONTGOMERY,TN,14.9
UNICOI,TN,14.9
BLOUNT,TN,14.8
HOUSTON,TN,14.8
COCKE,TN,14.7
HARDEMAN,TN,14.7
MONROE,TN,14.7
GIBSON,TN,14.6
HENDERSON,TN,14.6
LAUDERDALE,TN,14.6
MARSHALL,TN,14.6
MAURY,TN,14.6
RHEA,TN,14.6
WEAKLEY,TN,14.6
ANDERSON,TN,14.5
BENTON,TN,14.5
CAMPBELL,TN,14.5
HARDIN,TN,14.5
HENRY,TN,14.5
SUMNER,TN,14.5
BRADLEY,TN,14.4
COFFEE,TN,14.4
HAWKINS,TN,14.4
SMITH,TN,14.4
TIPTON,TN,14.4
WILSON,TN,14.4
SULLIVAN,TN,14.3333333333333
BEDFORD,TN,14.3
KNOX,TN,14.3
SEVIER,TN,14.3
DYER,TN,14.2
FRANKLIN,TN,14.2
DE KALB,TN,14.1
MADISON,TN,14.1
ROBERTSON,TN,14.1
GILES,TN,14.0
WARREN,TN,14.0
BLEDSOE,TN,13.9
DICKSON,TN,13.9
WAYNE,TN,13.9
CUMBERLAND,TN,13.8
LINCOLN,TN,13.8
WHITE,TN,13.8
OBION,TN,13.7
HAMILTON,TN,13.6666666666667
LAWRENCE,TN,13.5
WILLIAMSON,TN,13.4
MC MINN,TN,13.2
WHARTON,TX,15.8
COLEMAN,TX,15.6
GALVESTON,TX,15.6
COMANCHE,TX,15.4
FREESTONE,TX,15.4
WALKER,TX,15.4
BELL,TX,15.3
HOWARD,TX,15.3
PANOLA,TX,15.3
HUNT,TX,15.2
JASPER,TX,15.2
REEVES,TX,15.2
CALHOUN,TX,15.1
DAWSON,TX,15.1
GONZALES,TX,15.1
POLK,TX,15.1
GUADALUPE,TX,15.0
KARNES,TX,15.0
MONTAGUE,TX,15.0
STARR,TX,15.0
UVALDE,TX,15.0
GRAYSON,TX,14.9666666666667
BRAZORIA,TX,14.9
DE WITT,TX,14.9
FANNIN,TX,14.9
LAMAR,TX,14.9
MARTIN,TX,14.9
MEDINA,TX,14.9
PARKER,TX,14.9
STEPHENS,TX,14.9
WILBARGER,TX,14.9
BOWIE,TX,14.9
NACOGDOCHES,TX,14.85
GREGG,TX,14.85
TARRANT,TX,14.8136363636364
BAILEY,TX,14.8
BREWSTER,TX,14.8
PALO PINTO,TX,14.8
PARMER,TX,14.8
SABINE,TX,14.8
HIDALGO,TX,14.78
LIMESTONE,TX,14.75
YOUNG,TX,14.75
MONTGOMERY,TX,14.725
ATASCOSA,TX,14.7
CHILDRESS,TX,14.7
CORYELL,TX,14.7
DEAF SMITH,TX,14.7
DENTON,TX,14.7
HANSFORD,TX,14.7
HENDERSON,TX,14.7
HILL,TX,14.7
LAVACA,TX,14.7
MIDLAND,TX,14.7
TERRY,TX,14.7
WILSON,TX,14.7
WISE,TX,14.7
DALLAS,TX,14.65
FORT BEND,TX,14.65
ANDERSON,TX,14.6
CASTRO,TX,14.6
EASTLAND,TX,14.6
HUTCHINSON,TX,14.6
JACK,TX,14.6
SCURRY,TX,14.6
VAL VERDE,TX,14.6
WARD,TX,14.6
COLLIN,TX,14.5454545454545
HARRIS,TX,14.5035714285714
DALLAM,TX,14.5
ERATH,TX,14.5
FLOYD,TX,14.5
HARDIN,TX,14.5
HASKELL,TX,14.5
HOCKLEY,TX,14.5
LYNN,TX,14.5
MATAGORDA,TX,14.5
MAVERICK,TX,14.5
ROCKWALL,TX,14.5
RUNNELS,TX,14.5
ANGELINA,TX,14.45
CALDWELL,TX,14.4
CAMERON,TX,14.4
CAMP,TX,14.4
KLEBERG,TX,14.4
LIBERTY,TX,14.4
SWISHER,TX,14.4
YOAKUM,TX,14.4
BASTROP,TX,14.4
EL PASO,TX,14.3857142857143
HAYS,TX,14.375
WEBB,TX,14.35
ANDREWS,TX,14.3
AUSTIN,TX,14.3
BROWN,TX,14.3
COLLINGSWORTH,TX,14.3
COLORADO,TX,14.3
HAMILTON,TX,14.3
KERR,TX,14.3
LAMPASAS,TX,14.3
NAVARRO,TX,14.3
RUSK,TX,14.3
SOMERVELL,TX,14.3
TYLER,TX,14.3
WILLIAMSON,TX,14.3
ELLIS,TX,14.2666666666667
BEXAR,TX,14.25
JOHNSON,TX,14.2
BEE,TX,14.2
CHEROKEE,TX,14.2
FRIO,TX,14.2
HEMPHILL,TX,14.2
KIMBLE,TX,14.2
TOM GREEN,TX,14.2
TRAVIS,TX,14.1727272727273
BURNET,TX,14.15
BRAZOS,TX,14.1333333333333
WICHITA,TX,14.1333333333333
CLAY,TX,14.1
HOPKINS,TX,14.1
MC LENNAN,TX,14.1
MITCHELL,TX,14.1
NOLAN,TX,14.1
OCHILTREE,TX,14.1
TITUS,TX,14.1
WOOD,TX,14.1
LUBBOCK,TX,14.025
SMITH,TX,14.025
HALE,TX,14.0
BOSQUE,TX,13.9
COOKE,TX,13.9
JACKSON,TX,13.9
JEFFERSON,TX,13.9
JIM WELLS,TX,13.9
KAUFMAN,TX,13.9
MOORE,TX,13.9
NUECES,TX,13.9
HOOD,TX,13.8
VICTORIA,TX,13.8
COMAL,TX,13.7
GILLESPIE,TX,13.6
TAYLOR,TX,13.6
POTTER,TX,13.55
ECTOR,TX,13.4
GRAND,UT,14.5
SUMMIT,UT,14.5
BEAVER,UT,14.4
GARFIELD,UT,14.4
JUAB,UT,14.4
SAN JUAN,UT,14.4
TOOELE,UT,14.4
KANE,UT,14.3
WASATCH,UT,14.3
SANPETE,UT,14.2
DAVIS,UT,14.0666666666667
MILLARD,UT,14.05
UTAH,UT,13.98
BOX ELDER,UT,13.95
CARBON,UT,13.9
SALT LAKE,UT,13.7727272727273
SEVIER,UT,13.7
DUCHESNE,UT,13.6
UINTAH,UT,13.4
CACHE,UT,13.35
IRON,UT,13.3
WEBER,UT,13.05
WASHINGTON,UT,12.7
FREDERICKSBURG CITY,VA,16.1
STAFFORD,VA,15.8
GILES,VA,15.7
FRANKLIN CITY,VA,15.5
CHESAPEAKE CITY,VA,15.4
FAUQUIER,VA,15.4
BATH,VA,15.2
EMPORIA CITY,VA,15.2
HOPEWELL CITY,VA,15.2
PETERSBURG CITY,VA,15.1
ACCOMACK,VA,15.0
RUSSELL,VA,15.0
WYTHE,VA,15.0
PRINCE WILLIAM,VA,14.95
LANCASTER,VA,14.9
LEXINGTON CITY,VA,14.9
PORTSMOUTH CITY,VA,14.9
SPOTSYLVANIA,VA,14.9
WASHINGTON,VA,14.9
LOUDOUN,VA,14.75
HARRISONBURG CITY,VA,14.7
MONTGOMERY,VA,14.7
SUFFOLK CITY,VA,14.7
NORFOLK CITY,VA,14.65
VIRGINIA BEACH CITY,VA,14.65
HAMPTON CITY,VA,14.6
WISE,VA,14.6
DANVILLE CITY,VA,14.5
PRINCE EDWARD,VA,14.5
RICHMOND CITY,VA,14.475
TAZEWELL,VA,14.45
FRANKLIN,VA,14.4
PULASKI,VA,14.4
SMYTH,VA,14.4
NEWPORT NEWS CITY,VA,14.4
FAIRFAX,VA,14.325
BEDFORD,VA,14.3
BUCHANAN,VA,14.3
WINCHESTER CITY,VA,14.3
CHESTERFIELD,VA,14.25
ALEXANDRIA CITY,VA,14.2
CHARLOTTESVILLE CITY,VA,14.2
GALAX CITY,VA,14.2
HENRICO,VA,14.2
SALEM CITY,VA,14.15
JAMES CITY,VA,14.05
GLOUCESTER,VA,14.0
WARREN,VA,14.0
MANASSAS CITY,VA,13.9
ARLINGTON,VA,13.8
HANOVER,VA,13.8
MECKLENBURG,VA,13.8
CULPEPER,VA,13.7
HALIFAX,VA,13.7
ESSEX,VA,13.6
SHENANDOAH,VA,13.6
LYNCHBURG CITY,VA,13.4
ROANOKE CITY,VA,13.4
ALLEGHANY,VA,13.1
PAGE,VA,12.9
ALBEMARLE,VA,12.6
AUGUSTA,VA,12.5
SAINT CROIX ISLAND,VI,15.6
SAINT THOMAS ISLAND,VI,13.9
ORLEANS,VT,15.5
WASHINGTON,VT,15.3
FRANKLIN,VT,15.1
WINDSOR,VT,14.7
ADDISON,VT,14.5
LAMOILLE,VT,14.5
BENNINGTON,VT,14.3
CHITTENDEN,VT,14.2
ORANGE,VT,14.2
RUTLAND,VT,14.1
CALEDONIA,VT,14.0
WINDHAM,VT,14.0
MASON,WA,15.4
YAKIMA,WA,14.5666666666667
KITTITAS,WA,14.5
SAN JUAN,WA,14.5
GRANT,WA,14.4666666666667
OKANOGAN,WA,14.4666666666667
PACIFIC,WA,14.45
BENTON,WA,14.3333333333333
FERRY,WA,14.3
COLUMBIA,WA,14.2
KLICKITAT,WA,14.2
PEND OREILLE,WA,14.2
STEVENS,WA,14.2
THURSTON,WA,14.2
CHELAN,WA,14.1666666666667
CLALLAM,WA,14.05
GRAYS HARBOR,WA,14.0
ISLAND,WA,14.0
LINCOLN,WA,14.0
FRANKLIN,WA,13.9
KING,WA,13.8933333333333
WHITMAN,WA,13.85
SNOHOMISH,WA,13.85
SKAGIT,WA,13.8333333333333
JEFFERSON,WA,13.8
PIERCE,WA,13.8
LEWIS,WA,13.45
COWLITZ,WA,13.4
ASOTIN,WA,13.3
WALLA WALLA,WA,13.2
WHATCOM,WA,13.1
KITSAP,WA,13.0
CLARK,WA,12.75
SPOKANE,WA,12.64
ASHLAND,WI,16.0
DANE,WI,15.66
OZAUKEE,WI,15.1
RACINE,WI,15.1
MONROE,WI,14.95
ST. CROIX,WI,14.9333333333333
TAYLOR,WI,14.8
ADAMS,WI,14.7
BURNETT,WI,14.7
LAFAYETTE,WI,14.7
WASHBURN,WI,14.7
WASHINGTON,WI,14.65
WOOD,WI,14.65
CALUMET,WI,14.6
MARINETTE,WI,14.6
GRANT,WI,14.5333333333333
DOUGLAS,WI,14.5
JACKSON,WI,14.5
OCONTO,WI,14.5
CLARK,WI,14.4
ROCK,WI,14.4
WAUSHARA,WI,14.4
MILWAUKEE,WI,14.3666666666667
LINCOLN,WI,14.35
TREMPEALEAU,WI,14.35
CRAWFORD,WI,14.3
DOOR,WI,14.3
GREEN,WI,14.3
IOWA,WI,14.3
WAUKESHA,WI,14.275
KENOSHA,WI,14.25
BARRON,WI,14.2333333333333
COLUMBIA,WI,14.2
MARATHON,WI,14.2
PIERCE,WI,14.2
PORTAGE,WI,14.2
DODGE,WI,14.15
VILAS,WI,14.15
MANITOWOC,WI,14.15
VERNON,WI,14.15
ONEIDA,WI,14.05
SHEBOYGAN,WI,14.05
WAUPACA,WI,14.05
CHIPPEWA,WI,14.0333333333333
RUSK,WI,14.0
SAUK,WI,13.9666666666667
FOND DU LAC,WI,13.9333333333333
GREEN LAKE,WI,13.9
POLK,WI,13.9
RICHLAND,WI,13.9
SHAWANO,WI,13.9
JUNEAU,WI,13.8
WALWORTH,WI,13.8
BROWN,WI,13.75
JEFFERSON,WI,13.7
SAWYER,WI,13.7
OUTAGAMIE,WI,13.6
DUNN,WI,13.6
EAU CLAIRE,WI,13.55
LANGLADE,WI,13.3
WINNEBAGO,WI,13.2
LA CROSSE,WI,13.05
WAYNE,WV,18.9
OHIO,WV,16.6
MONONGALIA,WV,15.9
LOGAN,WV,15.5
LEWIS,WV,15.4
MARSHALL,WV,15.4
WOOD,WV,15.4
HANCOCK,WV,15.3
MERCER,WV,15.3
KANAWHA,WV,14.9666666666667
CABELL,WV,14.8
JACKSON,WV,14.8
BERKELEY,WV,14.75
FAYETTE,WV,14.7
PRESTON,WV,14.7
RALEIGH,WV,14.6666666666667
HARRISON,WV,14.6
GRANT,WV,14.6
SUMMERS,WV,14.6
UPSHUR,WV,14.6
BRAXTON,WV,14.5
CALHOUN,WV,14.5
GREENBRIER,WV,14.5
ROANE,WV,14.5
MASON,WV,14.4
MC DOWELL,WV,14.4
BOONE,WV,14.3
JEFFERSON,WV,14.3
MINERAL,WV,14.3
RANDOLPH,WV,14.3
POCAHONTAS,WV,14.2
TAYLOR,WV,14.2
MORGAN,WV,13.7
WETZEL,WV,13.7
HAMPSHIRE,WV,13.6
LINCOLN,WY,14.7
NIOBRARA,WY,14.6
CARBON,WY,14.5
GOSHEN,WY,14.5
HOT SPRINGS,WY,14.5
CROOK,WY,14.4
JOHNSON,WY,14.3
UINTA,WY,14.3
BIG HORN,WY,14.25
ALBANY,WY,14.2
WASHAKIE,WY,14.2
PARK,WY,14.1
CAMPBELL,WY,14.1
CONVERSE,WY,14.1
LARAMIE,WY,14.1
TETON,WY,14.0
WESTON,WY,14.0
SHERIDAN,WY,13.95
FREMONT,WY,13.9
NATRONA,WY,13.8
PLATTE,WY,13.7
SWEETWATER,WY,13.3
